Nome,Tipo
IM-0001-0001.jpeg,0
IM-0003-0001.jpeg,0
IM-0005-0001.jpeg,0
IM-0006-0001.jpeg,0
IM-0007-0001.jpeg,0
IM-0009-0001.jpeg,0
IM-0011-0001-0001.jpeg,0
IM-0011-0001-0002.jpeg,0
IM-0011-0001.jpeg,0
IM-0013-0001.jpeg,0
IM-0025-0001.jpeg,0
IM-0027-0001.jpeg,0
IM-0029-0001.jpeg,0
IM-0030-0001.jpeg,0
IM-0033-0001-0001.jpeg,0
IM-0033-0001-0002.jpeg,0
IM-0033-0001.jpeg,0
IM-0035-0001.jpeg,0
IM-0037-0001.jpeg,0
IM-0039-0001.jpeg,0
IM-0041-0001.jpeg,0
IM-0043-0001.jpeg,0
IM-0046-0001.jpeg,0
IM-0065-0001.jpeg,0
IM-0067-0001.jpeg,0
IM-0069-0001.jpeg,0
IM-0070-0001.jpeg,0
IM-0075-0001.jpeg,0
IM-0077-0001.jpeg,0
IM-0079-0001.jpeg,0
IM-0081-0001.jpeg,0
IM-0083-0001.jpeg,0
IM-0085-0001.jpeg,0
IM-0089-0001.jpeg,0
IM-0093-0001.jpeg,0
IM-0095-0001.jpeg,0
IM-0103-0001.jpeg,0
IM-0109-0001.jpeg,0
IM-0115-0001.jpeg,0
IM-0117-0001.jpeg,0
IM-0122-0001.jpeg,0
IM-0125-0001.jpeg,0
IM-0129-0001.jpeg,0
IM-0131-0001.jpeg,0
IM-0135-0001.jpeg,0
IM-0137-0001.jpeg,0
IM-0140-0001.jpeg,0
IM-0149-0001.jpeg,0
IM-0152-0001.jpeg,0
IM-0156-0001.jpeg,0
IM-0158-0001.jpeg,0
IM-0160-0001.jpeg,0
IM-0162-0001.jpeg,0
IM-0164-0001.jpeg,0
IM-0166-0001.jpeg,0
IM-0168-0001.jpeg,0
IM-0170-0001.jpeg,0
IM-0176-0001.jpeg,0
IM-0178-0001.jpeg,0
IM-0180-0001.jpeg,0
IM-0183-0001.jpeg,0
IM-0185-0001.jpeg,0
IM-0187-0001.jpeg,0
IM-0189-0001.jpeg,0
IM-0193-0001.jpeg,0
IM-0195-0001.jpeg,0
IM-0203-0001.jpeg,0
IM-0206-0001.jpeg,0
IM-0209-0001.jpeg,0
IM-0210-0001.jpeg,0
IM-0211-0001.jpeg,0
IM-0213-0001.jpeg,0
IM-0214-0001.jpeg,0
IM-0216-0001.jpeg,0
IM-0217-0001.jpeg,0
IM-0218-0001.jpeg,0
IM-0219-0001.jpeg,0
IM-0220-0001.jpeg,0
IM-0222-0001.jpeg,0
IM-0225-0001.jpeg,0
IM-0227-0001.jpeg,0
IM-0230-0001.jpeg,0
IM-0234-0001.jpeg,0
IM-0236-0001.jpeg,0
IM-0237-0001.jpeg,0
IM-0238-0001.jpeg,0
IM-0240-0001.jpeg,0
IM-0241-0001.jpeg,0
IM-0242-0001.jpeg,0
IM-0243-0001.jpeg,0
IM-0245-0001.jpeg,0
IM-0249-0001.jpeg,0
IM-0250-0001.jpeg,0
IM-0253-0001.jpeg,0
IM-0256-0001.jpeg,0
IM-0257-0001.jpeg,0
IM-0264-0001.jpeg,0
IM-0268-0001.jpeg,0
01E392EE-69F9-4E33-BFCE-E5C968654078.jpeg,1
03BF7561-A9BA-4C3C-B8A0-D3E585F73F3C.jpeg,1
1-s2.0-S0929664620300449-gr2_lrg-a.jpg,1
1-s2.0-S0929664620300449-gr2_lrg-b.jpg,1
1-s2.0-S0929664620300449-gr2_lrg-c.jpg,1
1-s2.0-S0929664620300449-gr2_lrg-d.jpg,1
1-s2.0-S1684118220300608-main.pdf-002.jpg,1
1-s2.0-S1684118220300682-main.pdf-002-a2.png,1
1-s2.0-S1684118220300682-main.pdf-003-b1.png,1
1.CXRCTThoraximagesofCOVID-19fromSingapore.pdf-000-fig1a.png,1
1.CXRCTThoraximagesofCOVID-19fromSingapore.pdf-000-fig1b.png,1
1.CXRCTThoraximagesofCOVID-19fromSingapore.pdf-002-fig3a.png,1
1.CXRCTThoraximagesofCOVID-19fromSingapore.pdf-002-fig3b.png,1
1.CXRCTThoraximagesofCOVID-19fromSingapore.pdf-003-fig4b.png,1
1312A392-67A3-4EBF-9319-810CF6DA5EF6.jpeg,1
16654_2_1.jpg,1
16654_4_1.jpg,1
16660_1_1.jpg,1
16660_2_1.jpg,1
16660_3_1.jpg,1
16660_4_1.jpg,1
16672_1_1.jpg,1
1B734A89-A1BF-49A8-A1D3-66FAFA4FAC5D.jpeg,1
2-chest-filmc.jpg,1
23E99E2E-447C-46E5-8EB2-D35D12473C39.png,1
2966893D-5DDF-4B68-9E2B-4979D5956C8E.jpeg,1
2C26F453-AF3B-4517-BB9E-802CF2179543.jpeg,1
31BA3780-2323-493F-8AED-62081B9C383B.jpeg,1
353889E0-A1E8-4F9E-A0B8-F24F36BCFBFB.jpeg,1
4-x-day1.jpg,1
41591_2020_819_Fig1_HTML.webp-day10.png,1
41591_2020_819_Fig1_HTML.webp-day5.png,1
4e43e48d52c9e2d4c6c1fb9bc1544f_jumbo.jpeg,1
53EC07C9-5CC6-4BE4-9B6F-D7B0D72AAA7E.jpeg,1
58cb9263f16e94305c730685358e4e_jumbo.jpeg,1
6b3bdbc31f65230b8cdcc3cef5f8ba8a-40ac-0.jpg,1
6CB4EFC6-68FA-4CD5-940C-BEFA8DAFE9A7.jpeg,1
7-fatal-covid19.jpg,1
7AF6C1AF-D249-4BD2-8C26-449304105D03.jpeg,1
7C69C012-7479-493F-8722-ABC29C60A2DD.jpeg,1
80446565-E090-4187-A031-9D3CEAA586C8.jpeg,1
85E52EB3-56E9-4D67-82DA-DEA247C82886.jpeg,1
88de9d8c39e946abd495b37cd07d89e5-2ee6-0.jpg,1
88de9d8c39e946abd495b37cd07d89e5-6531-0.jpg,1
93FE0BB1-022D-4F24-9727-987A07975FFB.jpeg,1
9fdd3c3032296fd04d2cad5d9070d4_jumbo.jpeg,1
ae6c954c0039de4b5edee53865ffee43-e6c8-0.jpg,1
all14238-fig-0001-m-b.jpg,1
all14238-fig-0001-m-c.jpg,1
AR-1.jpg,1
auntminnie-b-2020_01_28_23_51_6665_2020_01_28_Vietnam_coronavirus.jpeg,1
auntminnie-c-2020_01_28_23_51_6665_2020_01_28_Vietnam_coronavirus.jpeg,1
auntminnie-d-2020_01_28_23_51_6665_2020_01_28_Vietnam_coronavirus.jpeg,1
ciaa199.pdf-001-a.png,1
ciaa199.pdf-001-b.png,1
ciaa199.pdf-001-c.png,1
covid-19-caso-70-1-PA.jpg,1
covid-19-infection-exclusive-gastrointestinal-symptoms-l.png,1
covid-19-pneumonia-12.jpg,1
covid-19-pneumonia-14-PA.png,1
covid-19-pneumonia-15-PA.jpg,1
covid-19-pneumonia-19.jpg,1
covid-19-pneumonia-20-pa-on-admission.jpg,1
covid-19-pneumonia-20.jpg,1
covid-19-pneumonia-28.png,1
covid-19-pneumonia-30-PA.jpg,1
covid-19-pneumonia-38-pa.jpg,1
covid-19-pneumonia-44-day-0.jpeg,1
covid-19-pneumonia-53.jpg,1
covid-19-pneumonia-67.jpeg,1
covid-19-pneumonia-7-PA.jpg,1
covid-19-pneumonia-8.jpg,1
covid-19-pneumonia-bilateral.jpg,1
covid-19-pneumonia-evolution-over-a-week-1-day0-PA.jpg,1
covid-19-pneumonia-mild.JPG,1
E63574A7-4188-4C8D-8D17-9D67A18A1AFA.jpeg,1
extubation-1.jpg,1
extubation-4.jpg,1
F4341CE7-73C9-45C6-99C8-8567A5484B63.jpeg,1
FE9F9A5D-2830-46F9-851B-1FF4534959BE.jpeg,1
fff49165-b22d-4bb4-b9d1-d5d62c52436c.annot.original.png,1
figure1-5e71be566aa8714a04de3386-98-left.jpeg,1
figure1-5e75d0940b71e1b702629659-98-right.jpeg,1
gr1_lrg-a.jpg,1
gr1_lrg-b.jpg,1
kjr-21-e25-g001-l-a.jpg,1
lancet-case2a.jpg,1
nCoV-radiol.2020200269.fig1-day7.jpeg,1
nejmc2001573_f1a.jpeg,1
nejmc2001573_f1b.jpeg,1
nejmoa2001191_f4.jpeg,1
nejmoa2001191_f5-PA.jpeg,1
paving.jpg,1
radiol.2020200274.fig3d.png,1
ryct.2020200028.fig1a.jpeg,1
ryct.2020200034.fig5-day4.jpeg,1
ryct.2020200034.fig5-day7.jpeg,1
yxppt-2020-02-19_00-51-27_287214-day8.jpg,1
person10_bacteria_43.jpeg,2
person10_virus_35.jpeg,2
person11_virus_38.jpeg,2
person12_bacteria_46.jpeg,2
person12_bacteria_47.jpeg,2
person12_bacteria_48.jpeg,2
person13_bacteria_49.jpeg,2
person14_bacteria_51.jpeg,2
person16_virus_47.jpeg,2
person17_bacteria_56.jpeg,2
person17_virus_48.jpeg,2
person18_bacteria_57.jpeg,2
person18_virus_49.jpeg,2
person19_bacteria_58.jpeg,2
person19_bacteria_59.jpeg,2
person19_bacteria_60.jpeg,2
person19_bacteria_61.jpeg,2
person19_bacteria_62.jpeg,2
person1_bacteria_1.jpeg,2
person1_virus_11.jpeg,2
person20_bacteria_64.jpeg,2
person20_bacteria_66.jpeg,2
person20_bacteria_69.jpeg,2
person20_virus_51.jpeg,2
person21_bacteria_72.jpeg,2
person21_bacteria_73.jpeg,2
person21_virus_52.jpeg,2
person21_virus_53.jpeg,2
person22_bacteria_74.jpeg,2
person22_bacteria_76.jpeg,2
person22_bacteria_77.jpeg,2
person23_bacteria_100.jpeg,2
person23_bacteria_101.jpeg,2
person23_bacteria_102.jpeg,2
person23_bacteria_103.jpeg,2
person23_bacteria_104.jpeg,2
person23_bacteria_105.jpeg,2
person23_bacteria_107.jpeg,2
person23_bacteria_80.jpeg,2
person23_bacteria_81.jpeg,2
person23_bacteria_83.jpeg,2
person23_bacteria_85.jpeg,2
person23_bacteria_86.jpeg,2
person23_bacteria_87.jpeg,2
person23_bacteria_88.jpeg,2
person23_bacteria_89.jpeg,2
person23_bacteria_91.jpeg,2
person23_bacteria_92.jpeg,2
person23_bacteria_93.jpeg,2
person23_bacteria_94.jpeg,2
person23_bacteria_95.jpeg,2
person23_bacteria_96.jpeg,2
person23_bacteria_97.jpeg,2
person23_bacteria_98.jpeg,2
person24_bacteria_108.jpeg,2
person24_bacteria_110.jpeg,2
person24_bacteria_111.jpeg,2
person24_virus_58.jpeg,2
person25_bacteria_113.jpeg,2
person25_bacteria_114.jpeg,2
person25_bacteria_115.jpeg,2
person25_bacteria_118.jpeg,2
person25_bacteria_119.jpeg,2
person25_bacteria_120.jpeg,2
person25_bacteria_121.jpeg,2
person26_bacteria_123.jpeg,2
person26_bacteria_127.jpeg,2
person26_bacteria_129.jpeg,2
person26_bacteria_133.jpeg,2
person26_virus_60.jpeg,2
person27_bacteria_135.jpeg,2
person27_bacteria_138.jpeg,2
person28_bacteria_139.jpeg,2
person28_bacteria_141.jpeg,2
person28_bacteria_142.jpeg,2
person28_virus_62.jpeg,2
person28_virus_63.jpeg,2
person29_bacteria_144.jpeg,2
person29_virus_64.jpeg,2
person2_bacteria_4.jpeg,2
person30_bacteria_146.jpeg,2
person30_bacteria_148.jpeg,2
person30_bacteria_150.jpeg,2
person30_bacteria_151.jpeg,2
person30_bacteria_152.jpeg,2
person30_bacteria_158.jpeg,2
person31_bacteria_160.jpeg,2
person3_bacteria_11.jpeg,2
person3_bacteria_12.jpeg,2
person3_virus_15.jpeg,2
person5_bacteria_16.jpeg,2
person5_bacteria_19.jpeg,2
person6_bacteria_22.jpeg,2
person7_bacteria_24.jpeg,2
person8_bacteria_37.jpeg,2
person8_virus_27.jpeg,2
person8_virus_28.jpeg,2
person9_bacteria_41.jpeg,2
